Cluster,Edad_promedio,Ingreso_promedio,Score_promedio,Tasa_de_Churn
0,47.330935251798564,50672.982014388486,36.15827338129496,0.2733812949640288
1,34.125786163522015,46034.52830188679,79.43396226415095,0.25157232704402516
2,29.141176470588235,59127.34411764706,28.38235294117647,0.3058823529411765
